jakubgarfield,http://www.reddit.com/user/jakubgarfield
makaroni4,http://www.reddit.com/user/makaroni4
InsZod_,http://www.reddit.com/user/InsZod_
gkunwar,http://www.reddit.com/user/gkunwar
caffeinatedhacker,http://www.reddit.com/user/caffeinatedhacker
ecmendenhall,http://www.reddit.com/user/ecmendenhall
MrJiks,http://www.reddit.com/user/MrJiks
osmnshkh,http://www.reddit.com/user/osmnshkh
progfu,http://www.reddit.com/user/progfu
Windigos,http://www.reddit.com/user/Windigos
Chopsting,http://www.reddit.com/user/Chopsting
thatrubylove,http://www.reddit.com/user/thatrubylove
Drkpwn,http://www.reddit.com/user/Drkpwn
AnimusHerb240,http://www.reddit.com/user/AnimusHerb240
spicefifty,http://www.reddit.com/user/spicefifty
Yeti-Media,http://www.reddit.com/user/Yeti-Media
donv,http://www.reddit.com/user/donv
metacasts,http://www.reddit.com/user/metacasts
OceansOnPluto,http://www.reddit.com/user/OceansOnPluto
jipiboily,http://www.reddit.com/user/jipiboily
masteruby,http://www.reddit.com/user/masteruby
FeleCro,http://www.reddit.com/user/FeleCro
joelbywan,http://www.reddit.com/user/joelbywan
Captain_DeMorgan,http://www.reddit.com/user/Captain_DeMorgan
otakugrey,http://www.reddit.com/user/otakugrey
